offset,key
0.833,B- Major
5.333,E- Major
8.833,B- Major
9.333,E- Major
9.499667,c Minor
12.999667,G Major
18.166333,B- Major
19.499667,a- Minor
20.666333,B- Major
22.749667,e- Minor
22.833,B- Major
24.833,e- Minor
27.666333,a- Minor
28.166333,G- Major
28.499667,B- Major
28.833,e- Minor
33.749667,E- Major
36.583,f Minor
38.499667,E- Major
39.166333,A- Major
40.166333,E- Major
41.166333,e- Minor
41.499667,B- Major
41.666333,E- Major
44.833,A- Major
46.833,
