0.0,III,A Major,0.875
2.0,V7,A Major,0.6000000000000001
6.0,IV,A Major,1.0
7.0,I,A Major,0.37499999999999994
8.0,I,A Major,0.4017857142857144
14.0,II,A Major,0.56
18.0,I,A Major,0.5
20.0,I,A Major,0.5
26.0,V7,A Major,0.6000000000000001
30.0,IV,A Major,1.0
31.0,I,A Major,0.37499999999999994
32.0,I,A Major,0.7500000000000001
34.0,II,A Major,0.2521008403361345
37.0,II,A Major,0.5
38.0,II7,A Major,0.65
40.0,II7,A Major,0.3571428571428571
42.0,DimVII,A Major,0.4523809523809524
44.0,I,A Major,0.75
